xi,u,u_exact,residual
0,1.57009e-17,0,-1.57009e-17
0.142857,-0.0612245,-0.0612245,1.11022e-16
0.285714,-0.102041,-0.102041,2.35922e-16
0.428571,-0.122449,-0.122449,3.747e-16
0.571429,-0.122449,-0.122449,5.27356e-16
0.714286,-0.102041,-0.102041,6.66134e-16
0.857143,-0.0612245,-0.0612245,7.97973e-16
1,-9.11969e-16,0,9.11969e-16
